,headlines,news_center,time,website
0,"Here’s What Could Be Next for Bitcoin, Ethereum, and Two Low-Cap Altcoins, According to Top Trader",The Daily Hodl,5-23-2021,https://dailyhodl.com/2021/05/23/heres-what-could-be-next-for-bitcoin-ethereum-and-two-low-cap-altcoins-according-to-top-trader/
1,How Leveraged Positions Could Have Accelerated Ethereum’s Slump,Bitcoinist.com,5-23-2021,https://coinmarketcap.com/headlines/news/how-leveraged-positions-could-have-accelerated-ethereums-slump/
2,Confirmed: Ethereum’s Berlin hard fork solved a flaw that exposed the network to attacks,Finbold,5-23-2021,https://finbold.com/confirmed-ethereums-berlin-hard-fork-solved-a-flaw-that-exposed-the-network-to-attacks/
3,These 3 factors will determine if Ethereum’s recovery will be sustainable,AMBCrypto,5-23-2021,https://ambcrypto.com/these-3-factors-will-determine-if-ethereums-recovery-will-be-sustainable/
4,Bitcoin & Ethereum: Here’s the reality check on their price trajectories,AMBCrypto,5-23-2021,https://ambcrypto.com/bitcoin-ethereum-heres-the-reality-check-on-their-price-trajectories/
5,"Crypto Market Tanks 14% to 3-Month Low Under $1.35 Trillion, Ethereum (ETH) Under $2000",Coingape,5-23-2021,https://coinmarketcap.com/headlines/news/crypto-market-tanks-14-to-3-month-low-under-1-35-trillion-ethereum-eth-under-2000/
6,Goldman Sachs: Ethereum (ETH) Might Overtake Bitcoin (BTC) As A Store of Value,Coingape,5-23-2021,https://coinmarketcap.com/headlines/news/goldman-sachs-ethereum-eth-might-overtake-bitcoin-btc-as-a-store-of-value/
7,Why did Bitcoin and Ethereum’s price drop so quickly?,AMBCrypto,5-22-2021,https://ambcrypto.com/why-did-bitcoin-and-ethereums-price-drop-so-quickly/
8,Why Ethereum’s Vitalik Buterin doesn’t ‘really know or understand’ these projects,AMBCrypto,5-22-2021,https://ambcrypto.com/why-ethereums-vitalik-buterin-doesnt-really-know-or-understand-these-projects/
9,"British MP says Ethereum ‘flippening’ is taking place, calls for a ‘safe space’ for crypto",CryptoSlate,5-21-2021,https://coinmarketcap.com/headlines/news/british-mp-says-ethereum-flippening-is-taking-place-calls-for-a-safe-space-for-crypto/
10,British Member of Parliament: Ethereum Will Flip Bitcoin,Decrypt,5-21-2021,https://decrypt.co/71633/british-member-of-parliament-ethereum-will-flip-bitcoin?&utm_medium=referral&utm_campaign=feed&utm_source=coinmarketcap
11,Could Dreams Of Ethereum Flippening Bitcoin Be “Officially Cancelled”?,Bitcoinist.com,5-21-2021,https://coinmarketcap.com/headlines/news/could-dreams-of-ethereum-flippening-bitcoin-be-officially-cancelled/
12,"Crypto Crash Cost Ethereum Boss His Billionaire Status, Said We’re Caught In A Bubble",NewsBTC,5-21-2021,https://coinmarketcap.com/headlines/news/crypto-crash-cost-ethereum-co-founder-his-billionaire-status-said-bubble-could-have-ended/
13,"Bitcoin Cash, Ethereum Classic, Filecoin Price Analysis: 21 May",AMBCrypto,5-21-2021,https://eng.ambcrypto.com/bitcoin-cash-ethereum-classic-filecoin-price-analysis-21-may/
14,How Ethereum plans to get around a major drag on crypto prices,Quartz,5-21-2021,https://qz.com/2011329/ethereums-recovery-is-tied-to-it-becoming-more-energy-efficient/
15,"Whale Moves 130,000 Ethereum Worth $359,000,000 – Here’s Where the Crypto Is Going",The Daily Hodl,5-21-2021,https://dailyhodl.com/2021/05/20/whale-moves-130000-ethereum-worth-359000000-heres-where-the-crypto-is-going/
16,What does the the latest ‘flippening’ mean for Ethereum?,AMBCrypto,5-21-2021,https://ambcrypto.com/what-does-the-the-latest-flippening-mean-for-ethereum/
17,"TA: Ethereum Approaches Next Major Break, $3K Is The Key",NewsBTC,5-21-2021,https://coinmarketcap.com/headlines/news/ethereum-approaches-next-major-break-3k/
18,Institutional investors bought more Ethereum than Bitcoin last month,CryptoSlate,5-21-2021,https://coinmarketcap.com/headlines/news/institutional-investors-bought-more-ethereum-than-bitcoin-last-month/
19,"Bank of Canada: Intrinsic Value of Bitcoin, Ethereum 'Hard to Establish'",Decrypt,5-20-2021,https://decrypt.co/71591/bank-of-canada-warning-bitcoin-ethereum?&utm_medium=referral&utm_campaign=feed&utm_source=coinmarketcap
20,"Despite price drop, around 93% of Ethereum investors are still facing this",AMBCrypto,5-20-2021,https://ambcrypto.com/despite-price-drop-93-of-ethereum-investors-are-still-facing-this/
21,"The morning after: Bitcoin bounces to $42K, Ethereum to $3K",Seeking Alpha,5-20-2021,https://seekingalpha.com/news/3698708-the-morning-after-bitcoin-bounces-to-42k-ethereum-to-3k?utm_source=coinmarketcap.com&utm_medium=referral
22,How Whales Benefit From High Ethereum Fees,Bitcoinist,5-20-2021,https://bitcoinist.com/how-whales-benefit-from-high-ethereum-fees/?utm_source=rss&utm_medium=rss&utm_campaign=how-whales-benefit-from-high-ethereum-fees
23,Chinese crypto-linked stocks like Meitu see big corrections after Ethereum dump,CryptoSlate,5-20-2021,https://coinmarketcap.com/headlines/news/chinese-crypto-linked-stocks-like-meitu-see-big-corrections-after-ethereum-dump/
24,Fallout: Ethereum fees skyrocketed as traders raced to unwind leveraged positions,Cointelegraph.com News,5-20-2021,https://cointelegraph.com/news/fallout-ethereum-fees-skyrocketed-as-traders-raced-to-unwind-leveraged-positions
25,"TA: Ethereum Down 40% In A Week, Here’s Why ETH Could Recover",NewsBTC,5-20-2021,https://coinmarketcap.com/headlines/news/ethereum-down-40-pc-2000/
26,"How Justin Sun Almost Caused Ethereum To Drop Below $1,500",NewsBTC,5-19-2021,https://coinmarketcap.com/headlines/news/justin-sun-almost-ethereum-drop/
27,"Amid Soaring Ethereum Fees, NFT Game Sorare Finds a Solution",Decrypt,5-19-2021,https://decrypt.co/71392/soaring-gas-fees-ethereum-nft-game-sorare-scaling-solution?&utm_medium=referral&utm_campaign=feed&utm_source=coinmarketcap
28,"Crypto Market in Freefall: Bitcoin Falls 30%, Ethereum Falls 38%",Decrypt,5-19-2021,https://decrypt.co/71360/crypto-market-crash-bitcoin-ethereum-plummet?&utm_medium=referral&utm_campaign=feed&utm_source=coinmarketcap
29,EEE Token Launches to Enhance Ethereum’s Environmental Efficiency,BeInCrypto,5-19-2021,https://beincrypto.com/eee-token-launches-enhance-ethereum-environmental-efficiency/
30,Cardano Launching Crypto ‘Converter’ for Ethereum-Based Assets,The Daily Hodl,5-19-2021,https://dailyhodl.com/2021/05/19/cardano-launching-crypto-converter-for-ethereum-based-assets/
31,"Crypto Market Cap Loses $250B in a Day as Ethereum Slumps Below $3,000 (Market Watch)",Feed - Cryptopotato.Com,5-19-2021,https://cryptopotato.com/crypto-market-cap-loses-250b-in-a-day-as-ethereum-slumps-below-3000-market-watch/
32,"Crypto Carnage: Ethereum Slips to $2,900 While Bitcoin Plunges Below $40,000",U.Today,5-19-2021,https://u.today/crypto-carnage-ethereum-slips-to-2900-while-bitcoin-plunges-below-40000
33,Patched vulnerability could’ve crippled ETH over the past 2 years: Ethereum Foundation,Cointelegraph.com News,5-19-2021,https://cointelegraph.com/news/patched-vulnerability-could-ve-crippled-eth-over-the-past-2-years-ethereum-foundation
34,Ark Investment tips $20M into Grayscale Ethereum Trust,Cointelegraph.com News,5-19-2021,https://cointelegraph.com/news/ark-investment-tips-20m-into-grayscale-ethereum-trust
35,Cardano parent IOHK announces an Ethereum ‘converter’ is on its way,CryptoSlate,5-19-2021,https://coinmarketcap.com/headlines/news/cardano-announces-an-ethereum-erc20-token-converter-is-coming-soon/
36,"Comedian Steve Harvey Selling NFT for Charity, Holds Bitcoin and Ethereum",Decrypt,5-18-2021,https://decrypt.co/71321/comedian-steve-harvey-nft-charity-bitcoin-ethereum?&utm_medium=referral&utm_campaign=feed&utm_source=coinmarketcap
37,Layer-2 Ethereum trading platform DeversiFi raises $5M in new funding round,CryptoNinjas,5-18-2021,https://www.cryptoninjas.net/2021/05/18/layer-2-ethereum-trading-platform-deversifi-raises-5m-in-new-funding-round/
38,NVIDIA Isn't Done Making Graphics Cards ‘Less Desirable’ for Ethereum Miners,Decrypt,5-18-2021,https://decrypt.co/71316/nvidia-making-graphics-cards-less-desirable-ethereum-miners?&utm_medium=referral&utm_campaign=feed&utm_source=coinmarketcap
39,"Andrew Yang's Humanity Forward Starts Accepting Dogecoin, Bitcoin, Ethereum, and Other Coins",U.Today,5-18-2021,https://u.today/andrew-yangs-humanity-forward-starts-accepting-dogecoin-bitcoin-ethereum-and-other-coins
40,Exploring the top Ethereum blockchain explorers,CryptoSlate,5-18-2021,https://coinmarketcap.com/headlines/news/exploring-the-top-ethereum-blockchain-explorers/
41,"United States, Germany, Turkey lead search interest in Ethereum",Cointelegraph.com News,5-18-2021,https://cointelegraph.com/news/united-states-germany-turkey-lead-search-interest-in-ethereum
42,"UK among countries most interested in ethereum, US and Germany lead",Finbold,5-18-2021,https://finbold.com/uk-among-countries-most-interested-in-ethereum-us-and-germany-lead/
43,Can Cardano supplant Ethereum?,Crypto Daily™,5-18-2021,https://coinmarketcap.com/headlines/news/Can-Cardano-supplant-Ethereum/
44,"Despite ETH Price Volatility, Ethereum Whales Continue Holding Strongly",Coingape,5-18-2021,https://coinmarketcap.com/headlines/news/despite-eth-price-volatility-ethereum-whales-continue-holding-strongly/
45,"TA: Ethereum Steadies Above $3,200, Here’s What Could Trigger Strong Surge",NewsBTC,5-18-2021,https://coinmarketcap.com/headlines/news/ethereum-steadies-above-3200/
46,Cardano: Best Altcoin With Huge Upside As A Cheaper Ethereum Alternative,Seeking Alpha,5-18-2021,https://seekingalpha.com/article/4429532-cardano-best-altcoin-with-huge-upside-as-a-cheaper-ethereum-alternative?utm_source=coinmarketcap.com&utm_medium=referral
47,"Furniture Company Ethan Allen Trades as ETH, Investors Are Confusing It for Ethereum",Decrypt,5-17-2021,https://decrypt.co/71175/ethan-allen-eth-investors-confusing-ethereum?&utm_medium=referral&utm_campaign=feed&utm_source=coinmarketcap
48,Analyst James Wang: Ethereum is AWS in 2015,Blockworks,5-17-2021,https://blockworks.co/analyst-james-wang-ethereum-is-aws-in-2015/
49,Here’s why Ethereum’s Vitalik Buterin burned $7 billion in Shiba Inu (SHIB),CryptoSlate,5-17-2021,https://coinmarketcap.com/headlines/news/heres-why-ethereums-vitalik-buterin-burned-7-billion-in-shiba-inu-shib/
50,Hacker shows how he ‘51% attacked’ Ethereum clone CheapETH for $100,The Block,5-17-2021,https://coinmarketcap.com/headlines/news/hacker-shows-how-he-51-attacked-ethereum-clone-cheapeth-for-100/
51,"Cardano Is The Practical Version Of Ethereum, But Better, Charles Hoskinson Tells Mark Cuban",ZyCrypto,5-17-2021,https://zycrypto.com/cardano-is-the-practical-version-of-ethereum-but-better-charles-hoskinson-tells-mark-cuban/
52,Why Ethereum DeFi Seems Impervious Amid Massive Sell-Off,Bitcoinist.com,5-17-2021,https://coinmarketcap.com/headlines/news/why-ethereum-defi-seems-impervious-amid-massive-sell-off/
53,Bitcoin and Ethereum usage fees drop 70%–80% as market slide continues,Cointelegraph.com News,5-17-2021,https://cointelegraph.com/news/bitcoin-and-ethereum-usage-fees-drop-70-80-as-market-slide-continues
54,"Billionaire Mike Novogratz Says Ethereum Could Go Higher, Ramps Up Crypto Investments",The Daily Hodl,5-17-2021,https://dailyhodl.com/2021/05/16/billionaire-mike-novogratz-says-ethereum-could-go-higher-ramps-up-crypto-investments/
55,"BSC Daily Transaction Rate Grows to 12 Million, 8X of Ethereum Network",Coingape,5-16-2021,https://coinmarketcap.com/headlines/news/bsc-daily-transaction-rate-grows-to-12-million-8x-of-ethereum-network/
56,Charles Hoskinson Explains To Mark Cuban Advantages of Cardano Over Ethereum,CryptoGlobe,5-16-2021,https://www.cryptoglobe.com/latest/2021/05/charles-hoskinson-explains-to-mark-cuban-advantages-of-cardano-over-ethereum/
57,Here’s why it makes sense to ‘load up on Ethereum’,AMBCrypto,5-15-2021,https://ambcrypto.com/heres-why-it-makes-sense-to-load-up-on-ethereum/
58,"10 reasons why Ethereum is on course to breach $10,000",AMBCrypto,5-15-2021,https://ambcrypto.com/10-reasons-why-ethereum-is-on-course-to-breach-10000/
59,"Top Analyst Says He’s Loading Up on Ethereum, XRP and 5 Altcoins Amid Widespread Market Correction",The Daily Hodl,5-15-2021,https://dailyhodl.com/2021/05/15/top-analyst-says-hes-loading-up-on-ethereum-xrp-and-5-altcoins-amid-widespread-market-correction/
60,Will Cardano Overtake Ethereum? Crypto Trader Alex Saunders Analyzes ETH’s First-Mover Advantage,The Daily Hodl,5-15-2021,https://dailyhodl.com/2021/05/15/will-cardano-overtake-ethereum-crypto-trader-alex-saunders-analyzes-eths-first-mover-advantage/
61,"Most Investors Will Miss Massive Ethereum Price Rally, Crypto Analyst Ben Cowen Warns",CryptoGlobe,5-15-2021,https://www.cryptoglobe.com/latest/2021/05/most-investors-will-miss-ethereums-massive-rally-crypto-quant-analyst-ben-cowen-warns/
62,"Analyst Names Top Crypto Assets Beyond Ethereum, Says Bitcoin Remain Bullish Despite Pullback",The Daily Hodl,5-14-2021,https://dailyhodl.com/2021/05/14/analyst-names-top-crypto-assets-beyond-ethereum-says-bitcoin-remain-bullish-despite-pullback/
63,A 'War on Rugs' Has Been Declared Against Ethereum Creator Over SHIB Transfer,Decrypt,5-14-2021,https://decrypt.co/71008/war-rugs-declared-ethereum-shib-transfer?&utm_medium=referral&utm_campaign=feed&utm_source=coinmarketcap
64,"NFTs, Ethereum 2.0, Crypto Trading: Tax Day Is Monday—Are You Ready?",Decrypt,5-14-2021,https://decrypt.co/70980/nfts-ethereum-2-crypto-trading-tax-day-monday-are-you-ready?&utm_medium=referral&utm_campaign=feed&utm_source=coinmarketcap
65,Grayscale Ethereum Trust (ETHE) Premium Sets All-Time-Low at -14.3%,Coingape,5-14-2021,https://coinmarketcap.com/headlines/news/grayscale-ethereum-trust-ethe-premium-sets-all-time-low-at-14-3/
66,Steve Harvey Launching NFTs on Ethereum-Based Platform,U.Today,5-14-2021,https://u.today/steve-harvey-launching-nfts-on-ethereum-based-platform
67,"DeFi, staking are live on OMG Network via an Ethereum scaling solution",CryptoSlate,5-14-2021,https://coinmarketcap.com/headlines/news/defi-staking-are-live-on-omg-network-via-an-ethereum-scaling-solution/
68,"Cardano, Dogecoin, Ethereum Classic stand to gain from this happening to Bitcoin",AMBCrypto,5-14-2021,https://ambcrypto.com/cardano-dogecoin-ethereum-classic-stand-to-gain-from-this-happening-to-bitcoin/
69,"Cryptocurrency stocks bounce as Bitcoin stabilizes, Ethereum re-takes $4K",Seeking Alpha,5-14-2021,https://seekingalpha.com/news/3696554-cryptocurrency-stocks-bounce-as-bitcoin-stabilizes-ethereum-re-takes-4k?utm_source=coinmarketcap.com&utm_medium=referral
70,ETH price regains $4K as possible Ethereum 2.0 ‘full validator’ count hits 17-month low,Cointelegraph.com News,5-14-2021,https://cointelegraph.com/news/eth-price-regains-4k-as-possible-ethereum-2-0-full-validator-count-hits-17-month-low
71,"Top Crypto Trader Selling Ethereum for Cardano, Says This Is Last Chance To Buy Bitcoin Under $50,000",The Daily Hodl,5-13-2021,https://dailyhodl.com/2021/05/13/top-crypto-trader-selling-ethereum-for-cardano-says-this-is-last-chance-to-buy-bitcoin-under-50000/
72,"Arthur Hayes Doesn't Rule Out $150,000 Ethereum But Has Warning About EIP-1559",U.Today,5-14-2021,https://u.today/arthur-hayes-doesnt-rule-out-150000-ethereum-but-has-warning-about-eip-1559
73,"Oh where, oh where have Ethereum bulls gone? Sub-$4K ETH fails to entice traders",Cointelegraph.com News,5-14-2021,https://cointelegraph.com/news/oh-where-oh-where-have-ethereum-bulls-gone-sub-4k-eth-fails-to-entice-traders
74,Bitcoin Vs. Ethereum: Tesla Flip-Flop 'Cancels' The Bull Case For BTC,Seeking Alpha,5-13-2021,https://seekingalpha.com/article/4428361-bitcoin-vs-ethereum-tesla-flip-flop-cancels-bull-case-for-btc?utm_source=coinmarketcap.com&utm_medium=referral
75,"Jed McCaleb Gets Rid of XRP Again, Dogecoin Is Bumping Against Real Resistance, Ethereum Surpasses Visa: TikTok Crypto Digest by U.Today",U.Today,5-13-2021,https://u.today/jed-mccaleb-gets-rid-of-xrp-again-dogecoin-is-bumping-against-real-resistance-ethereum-surpasses
76,"Here’s why Ethereum, Aave, ALPHA are unfazed by Bitcoin’s latest ‘Elon candle’",Cointelegraph.com News,5-13-2021,https://cointelegraph.com/news/here-s-why-ethereum-aave-alpha-are-unfazed-by-bitcoin-s-latest-elon-candle
77,"103,124 ETH Deposited to Exchanges in Just 10 Minutes Before Ethereum Plunged to $3,840",U.Today,5-13-2021,https://u.today/103124-eth-deposited-to-exchanges-in-just-10-minutes-before-ethereum-plunged-to-3840
78,"TA: Ethereum Dives Below $4K, Here’s Why ETH Could Struggle In Short-Term",NewsBTC,5-13-2021,https://coinmarketcap.com/headlines/news/ethereum-eth-dives-below-4k/
79,"Institutions will come for ethereum once they finish with bitcoin, FalconX’s head says",Finbold,5-12-2021,https://finbold.com/institutions-will-come-for-ethereum-once-they-finish-with-bitcoin-falconxs-head-says/
80,Dogecoin Spinoff SHIB Tanks After Ethereum Founder Vitalik Buterin Dumps Tokens,Decrypt,5-12-2021,https://decrypt.co/70672/dogecoin-spinoff-shib-tanks-after-ethereum-founder-vitalik-buterin-dumps-tokens?&utm_medium=referral&utm_campaign=feed&utm_source=coinmarketcap
81,ICP takes crypto world by storm. Will Ethereum be the next Bitcoin? Goldman Sachs launches crypto trading desk.,Forkast.News,5-12-2021,https://forkast.news/icp-ethereum-bitcoin-goldman-sachs-crypto-trading/?utm_source=rss&utm_medium=rss&utm_campaign=icp-ethereum-bitcoin-goldman-sachs-crypto-trading
82,North America's Biggest Outdoor Club to Start Accepting Bitcoin and Ethereum,U.Today,5-12-2021,https://u.today/north-americas-biggest-outdoor-club-to-start-accepting-bitcoin-and-ethereum
83,This fact offers insights into how much Ethereum’s price can grow,AMBCrypto,5-12-2021,https://ambcrypto.com/this-fact-offers-insights-into-how-much-ethereums-price-can-grow/
84,DeFi Project Spotlight: Trading On-Chain Ethereum Derivatives With Oiler Network,Crypto Briefing,5-12-2021,https://cryptobriefing.com/defi-project-spotlight-trading-chain-ethereum-derivatives-with-oiler-network/
85,Finding Ethereum fees too high? Blame ‘petcoins’ like Shiba Inu (SHIB),CryptoSlate,5-12-2021,https://coinmarketcap.com/headlines/news/finding-ethereum-fees-too-high-blame-petcoins-like-shiba-inu-shib/
86,The Bearish Signal Ethereum Bulls Need To Fear,NewsBTC,5-11-2021,https://coinmarketcap.com/headlines/news/the-bearish-signal-ethereum-bulls-need-to-fear/
87,"Bitcoin price bounces despite stocks rout as Ethereum hits new $4,350 high",Cointelegraph.com News,5-12-2021,https://cointelegraph.com/news/bitcoin-price-bounces-despite-stocks-rout-as-ethereum-reaches-new-4-350-high
88,"TA: Ethereum Overcame Odds With New High, Here’s Why ETH Could Test $4.5K",NewsBTC,5-12-2021,https://www.newsbtc.com/analysis/eth/ethereum-eth-could-test-4-5k/
89,Sentiment Flippening: Why This Bitcoin Expert Doesn’t Own Ethereum,Bitcoinist.com,5-11-2021,https://coinmarketcap.com/headlines/news/sentiment-flippening-why-this-bitcoin-expert-doesnt-own-ethereum/
90,Mark Cuban Joins Ethereum NFT Game Axie Infinity’s $7.5 Million Raise,Decrypt,5-11-2021,https://decrypt.co/70554/ethereum-nft-game-axie-infinity-mark-cuban-alexis-ohanian?&utm_medium=referral&utm_campaign=feed&utm_source=coinmarketcap
91,"Bullish sentiment begins to fade after Ethereum all-time high at $4,200",Cointelegraph.com News,5-11-2021,https://cointelegraph.com/news/bullish-sentiment-begins-to-fade-after-ethereum-all-time-high-at-4-200
92,A closer look at the European Investment Bank’s first Ethereum-based bond,The Block,5-11-2021,https://coinmarketcap.com/headlines/news/european-investment-bank-ethereum-bond/
93,Hedge Fund Legend Stanley Druckenmiller Claims Bitcoin Is Here to Stay While Predicting That Ethereum Could Be Next Yahoo,U.Today,5-11-2021,https://u.today/hedge-fund-legend-stanley-druckenmiller-claims-bitcoin-is-here-to-stay-while-predicting-that
94,"Most Traders Will Miss Incoming Ethereum Tsunami, Says Analyst Benjamin Cowen – Here’s Why",The Daily Hodl,5-11-2021,https://dailyhodl.com/2021/05/11/most-traders-will-miss-incoming-ethereum-tsunami-says-analyst-benjamin-cowen-heres-why/
95,"JPMorgan Analysts: Ethereum Should Be Trading at $1,000",BeInCrypto,5-11-2021,https://beincrypto.com/jpmorgan-analysts-ethereum-trading-1000/
96,"On-Chain Metrics: Bitcoin (BTC) Miner Accumulation Increases, Ethereum (ETH) Daily Transactions Spike",Coingape,5-11-2021,https://coinmarketcap.com/headlines/news/chain-metrics-bitcoin-btc-miner-accumulation-increases-ethereum-eth-daily-transactions-spike/
97,"TA: Ethereum Trims Gains, Here’s What Could Trigger Larger Decline",NewsBTC,5-11-2021,https://coinmarketcap.com/headlines/news/ethereum-trims-gains-4k/
98,"Ethereum Price Prediction: ‘Major Upgrades’ Could Help Ethereum Hit $20,000 By 2025",Forbes,5-10-2021,https://www.forbes.com/sites/billybambrough/2021/05/10/ethereum-price-prediction-major-upgrades-could-help-ethereum-hit-20000-by-2025/
99,Bitcoin And Ethereum Bleed 10% In Violent Crypto Market Shakeout,NewsBTC,5-10-2021,https://www.newsbtc.com/analysis/eth/bitcoin-ethereum-crash-10-crypto/
100,Crypto Analyst: Buying Litecoin Now Is Like “2020 Ethereum”,NewsBTC,5-10-2021,https://coinmarketcap.com/headlines/news/crypto-analyst-buying-litecoin-now-is-like-2020-ethereum/
101,"Here’s Where The Ethereum Rally Could Pause, According To Bitcoin Blueprint",NewsBTC,5-10-2021,https://coinmarketcap.com/headlines/news/ethereum-rally-pause-bitcoin-chart/
102,Mark Cuban Says Game Changer Could Cause Ethereum Price To ‘Blow Up’,The Daily Hodl,5-10-2021,https://dailyhodl.com/2021/05/10/mark-cuban-says-game-changer-could-cause-ethereum-price-to-blow-up/
103,Peter Schiff Predicts That Ethereum May Flip Bitcoin,U.Today,5-10-2021,https://u.today/peter-schiff-predicts-that-ethereum-may-flip-bitcoin
104,"Post-SNL Elon Musk Scams Rake in $300K in Bitcoin, Ethereum and Dogecoin",Decrypt,5-10-2021,https://decrypt.co/70435/elon-musk-snl-scams-300k-bitcoin-ethereum-dogecoin?&utm_medium=referral&utm_campaign=feed&utm_source=coinmarketcap
105,The 'Four Horses' of Crypto Adoption Are 'Galloping': Ethereum Co-Founder Joe Lubin,Decrypt,5-10-2021,https://decrypt.co/70439/the-four-horses-of-crypto-adoption-are-galloping-ethereum-co-founder-joe-lubin?&utm_medium=referral&utm_campaign=feed&utm_source=coinmarketcap
106,This is the target range for Ethereum and Bitcoin,AMBCrypto,5-10-2021,https://ambcrypto.com/this-is-the-target-range-for-ethereum-and-bitcoin/
107,Vitalik Buterin’s Ethereum wallet holds $8 billion in Shiba Inu coin (SHIB),CryptoSlate,5-10-2021,https://coinmarketcap.com/headlines/news/vitalik-buterins-ethereum-wallet-holds-8-billion-in-shiba-inu-coin-shib/
108,"Dogecoin, Bitcoin and Ethereum Now Accepted by Chinese Tea Company",U.Today,5-10-2021,https://u.today/dogecoin-bitcoin-and-ethereum-now-accepted-by-chinese-tea-company
109,"Institutional Investors Are Behind Ethereum’s Surge Above $4,000: Analyst",Feed - Cryptopotato.Com,5-10-2021,https://cryptopotato.com/institutional-investors-are-behind-ethereums-surge-above-4000-analyst/
110,Analyst on Litecoin and Ethereum: Don’t squander this opportunity now that it’s finally here,AMBCrypto,5-10-2021,https://ambcrypto.com/analyst-on-litecoin-and-ethereum-dont-squander-this-opportunity-now-that-its-finally-here/
111,"Binance resumes ethereum, Stellar withdrawals after brief suspension on volume",Seeking Alpha,5-10-2021,https://seekingalpha.com/news/3693748-binance-resumes-ethereum-stellar-withdrawals-after-brief-suspension-on-volume?utm_source=coinmarketcap.com&utm_medium=referral
112,Record fundamentals meet $4K Ethereum: 5 things to watch in Bitcoin this week,Cointelegraph.com News,5-10-2021,https://cointelegraph.com/news/record-fundamentals-meet-4k-ethereum-5-things-to-watch-in-bitcoin-this-week
113,"TA: Ethereum Smashes $4K, Why ETH Is Not Done Yet",NewsBTC,5-10-2021,https://coinmarketcap.com/headlines/news/ethereum-eth-smashes-4k/
114,"BREAKING: Ethereum Rallies Above $4,000 for the First Time",U.Today,5-10-2021,https://u.today/breaking-ethereum-rallies-above-4000-for-the-first-time
115,Crypto Traders’ Speculation of Ethereum Volatility Relative to Bitcoin’s is Rising,Blockchain News,5-10-2021,https://blockchain.news/news/crypto-traders-speculation-ethereum-volatility-relative-bitcoin-is-rising
116,Crypto analyst who predicted ethereum’s current rally says $10k in sight by end of 2021,Finbold,5-09-2021,https://finbold.com/crypto-analyst-who-predicted-ethereums-current-rally-says-10k-in-sight-by-end-of-2021/
117,"Sell Bitcoin, Buy Ethereum",Seeking Alpha,5-09-2021,https://seekingalpha.com/article/4426624-sell-bitcoin-btc-buy-ethereum?utm_source=coinmarketcap.com&utm_medium=referral
118,"Coinbase Should Have Gone Public Via Ethereum, Says First Employee",Decrypt,5-09-2021,https://decrypt.co/70356/coinbase-should-gone-public-via-ethereum-says-first-employee?&utm_medium=referral&utm_campaign=feed&utm_source=coinmarketcap
119,BeetsDAO Founder: Ethereum DAOs Connected Us with Snoop Dogg,Decrypt,5-09-2021,https://decrypt.co/70353/beetsdao-founder-ethereum-daos-connected-us-with-snoop-dogg?&utm_medium=referral&utm_campaign=feed&utm_source=coinmarketcap
120,The great tech exodus: The Ethereum blockchain is the new San Francisco,Cointelegraph.com News,5-09-2021,https://cointelegraph.com/news/the-great-tech-exodus-the-ethereum-blockchain-is-the-new-san-francisco
121,Canada’s Purpose Ether ETF Has Accumulated Over 31K Ethereum (ETH) In this Mega Bull Run,Coingape,5-09-2021,https://coinmarketcap.com/headlines/news/canadas-purpose-ether-etf-accumulated-31k-ethereum-eth-mega-bull-run/
122,Dogecoin Knockoff Puts $8 Billion in Ethereum Founder Buterin’s Wallet,Decrypt,5-09-2021,https://decrypt.co/70344/dogecoin-knockoff-puts-8-billion-in-ethereum-founder-buterins-wallet?&utm_medium=referral&utm_campaign=feed&utm_source=coinmarketcap
123,Race for First Ethereum ETF in US Begins As VanEck Files Registration,The Daily Hodl,5-09-2021,https://dailyhodl.com/2021/05/09/race-for-first-ethereum-etf-in-us-begins-as-vaneck-files-registration/
124,"Bitcoin Muted While Ethereum Surges, Why BTC Could Soon Break $60K",NewsBTC,5-09-2021,https://coinmarketcap.com/headlines/news/bitcoin-muted-while-ethereum-surges/
125,"""Dogefather"" Elon Musk Says Dogecoin Is Going to Take Over the World on ""SNL,"" Mentions Bitcoin and Ethereum",U.Today,5-09-2021,https://u.today/dogefather-elon-musk-says-dogecoin-is-going-to-take-over-the-world-on-snl-mentions-bitcoin-and
126,"Here Are 10 Signs That Ethereum Will Shatter $10,000, According to VC Investor Spencer Noon",The Daily Hodl,5-08-2021,https://dailyhodl.com/2021/05/08/here-are-10-signs-that-ethereum-will-shatter-10000-according-to-vc-investor-spencer-noon/
127,"Top Analyst Says Traders Are Sleeping on Several Altcoins, Unveils Ethereum, Cardano, Litecoin and Chainlink Price Targets",The Daily Hodl,5-08-2021,https://dailyhodl.com/2021/05/08/top-analyst-says-traders-are-sleeping-on-several-altcoins-unveils-ethereum-cardano-litecoin-and-chainlink-price-targets/
128,Alt season rush: Ethereum and DeFi get in shape for another hot summer,Cointelegraph.com News,5-08-2021,https://cointelegraph.com/news/alt-season-rush-ethereum-and-defi-get-in-shape-for-another-hot-summer
129,S&P Launches First-Ever Crypto Indices for Bitcoin and Ethereum: Why It Matters,Bitcoinist.com,5-07-2021,https://coinmarketcap.com/headlines/news/sp-launches-first-ever-crypto-indices-for-bitcoin-and-ethereum-why-it-matters/
130,VanEck Files For Ethereum ETF As ETH’s Price Staggers,NewsBTC,5-07-2021,https://coinmarketcap.com/headlines/news/vaneck-ethereum-etf-price-staggers/
131,Why are ‘dino coins’ like Ethereum Classic and NEO pumping?,CryptoSlate,5-07-2021,https://coinmarketcap.com/headlines/news/why-are-dino-coins-like-ethereum-classic-and-neo-pumping/
132,The Day Ethereum beats Bitcoin: Is The Flippening Coming?,Bitcoinist.com,5-07-2021,https://coinmarketcap.com/headlines/news/the-day-ethereum-beats-bitcoin-is-the-flippening-coming/
133,"Bitcoin, Ethereum and Crypto Megacap Indices Debut on the S&P Dow Jones",The Daily Hodl,5-07-2021,https://dailyhodl.com/2021/05/07/bitcoin-ethereum-and-crypto-megacap-indices-debut-on-the-sp-dow-jones/
134,VanEck Files for Ethereum ETF With SEC,Decrypt,5-07-2021,https://decrypt.co/70287/vanecks-files-ethereum-etf-sec?&utm_medium=referral&utm_campaign=feed&utm_source=coinmarketcap
135,VanEck Files For an Ethereum ETF With The SEC,Feed - Cryptopotato.Com,5-07-2021,https://cryptopotato.com/vaneck-files-for-an-ethereum-etf-with-the-sec/
136,Asset Management Giant VanEck Files for Ethereum ETF,U.Today,5-07-2021,https://u.today/asset-management-giant-vaneck-files-for-ethereum-etf
137,Binance CEO CZ Defends Binance Smart Chain's Ethereum Copycats,Decrypt,5-07-2021,https://decrypt.co/70145/binance-ceo-cz-binance-smart-chain-ethereum-copycats?&utm_medium=referral&utm_campaign=feed&utm_source=coinmarketcap
138,Miami Mayor Personally Bought Bitcoin and Ethereum When $1.9 Trillion Stimulus Bill Passed,Decrypt,5-07-2021,https://decrypt.co/70202/miami-mayor-suarez-makes-good-on-his-promise-to-buy-bitcoin-and-ethereum?&utm_medium=referral&utm_campaign=feed&utm_source=coinmarketcap
139,"Vitalik Buterin Talks NFTs, DAOs, DeFi and the Next Billion Ethereum Users",Decrypt,5-07-2021,https://decrypt.co/69979/vitalik-buterin-talks-nfts-daos-defi-and-the-next-billion-ethereum-users?&utm_medium=referral&utm_campaign=feed&utm_source=coinmarketcap
140,"Cryptocurrency roundup: New highs for ethereum, Elon Musk advises caution, as does Gary Gensler",Seeking Alpha,5-07-2021,https://seekingalpha.com/news/3693155-cryptocurrency-roundup-new-highs-for-ethereum-elon-musk-advises-caution-as-does-gary-gensler?utm_source=coinmarketcap.com&utm_medium=referral
141,Luxury Miami Condominium Arte Now Accepts Bitcoin and Ethereum as a Form of Payment,Blockchain News,5-07-2021,https://blockchain.news/news/luxury-miami-condominium-arte-now-accepts-bitcoin-ethereum-form-payment
142,Ethereum Classic gains 300% in one week as traders rush to buy the 'wrong Ethereum',Cointelegraph.com News,5-07-2021,https://cointelegraph.com/news/ethereum-classic-gains-300-in-one-week-as-traders-rush-to-buy-the-wrong-ethereum
143,Crypto Whales Buying Massive Amounts of Ethereum As Retail Traders Eye Several Altcoins: Santiment,The Daily Hodl,5-06-2021,https://dailyhodl.com/2021/05/06/crypto-whales-buying-massive-amounts-of-ethereum-as-retail-traders-eye-several-altcoins-santiment/
144,Flippening? Record $10B Ethereum futures volume briefly outpaces Bitcoin's,Cointelegraph.com News,5-06-2021,https://cointelegraph.com/news/flippening-record-10b-ethereum-futures-volume-briefly-outpaces-bitcoin-s
145,Mark Cuban: No Crypto Winter Coming—But Bitcoin at Greater Risk Than Ethereum,Decrypt,5-06-2021,https://decrypt.co/70034/mark-cuban-crypto-winter-bitcoin-greater-risk-ethereum?&utm_medium=referral&utm_campaign=feed&utm_source=coinmarketcap
146,Mark Cuban: Ethereum's Price Growth Potential is 'Uncapped',Decrypt,5-06-2021,https://decrypt.co/70048/mark-cuban-ethereums-price-growth-potential-is-uncapped?&utm_medium=referral&utm_campaign=feed&utm_source=coinmarketcap
147,OKEx Insights-CryptoCompare Report: Institutional Investors Exhibit Increased Interest in Ethereum,NewsBTC,5-06-2021,https://coinmarketcap.com/headlines/news/okex-insights-cryptocompare-report-institutional-investors-exhibit-increased-interest-in-ethereum/
148,IDEX Announces Move to Target MEV on Ethereum,Crypto Briefing,5-06-2021,https://cryptobriefing.com/idex-launches-update-targeting-slippage-mev/
149,UniSwap V3 Goes Live on Ethereum Mainnet: Is UNI Due for a Surge?,Bitcoinist,5-06-2021,https://bitcoinist.com/uniswap-v3-goes-live-on-ethereum-mainnet-is-uni-due-for-a-surge/?utm_source=rss&utm_medium=rss&utm_campaign=uniswap-v3-goes-live-on-ethereum-mainnet-is-uni-due-for-a-surge
150,SEC Denies Holding Bitcoin and Ethereum Documents in XRP Case,Blockchain News,5-06-2021,https://blockchain.news/analysis/sec-denies-holding-bitcoin-and-ethereum-documents-in-xrp-case
151,"TA: Ethereum Sets New ATH, Why Dips Remain Attractive In Near-Term",NewsBTC,5-06-2021,https://coinmarketcap.com/headlines/news/ethereum-sets-new-ath-3550/
152,"New Depositors of Ethereum 2.0 Hits All-Time High of 1,368",Blockchain News,5-06-2021,https://blockchain.news/news/new-depositors-ethereum-2.0-hits-all-time-high-1-368
153,The Next Dogecoin? Traders Pump Ethereum Classic Price to Record High,Decrypt,5-05-2021,https://decrypt.co/69993/next-dogecoin-traders-pump-ethereum-classic-price-record-high?&utm_medium=referral&utm_campaign=feed&utm_source=coinmarketcap
154,Wall Street Opens Floors To Bitcoin and Ethereum With New Crypto Indices From S&P Dow Jones,Crypto Daily™,5-05-2021,https://coinmarketcap.com/headlines/news/Wall-Street-Opens-Floors-To-Bitcoin-and-Ethereum-With-New-Crypto-Indices-From-SP-Dow-Jones/
155,What The Charts Are Screaming About Bitcoin And Ethereum,Seeking Alpha,5-05-2021,https://seekingalpha.com/article/4424719-what-the-charts-are-screaming-about-bitcoin-and-ethereum?utm_source=coinmarketcap.com&utm_medium=referral
156,"Here’s How High Cardano and Ethereum Could Soar, According to Coin Bureau",The Daily Hodl,5-05-2021,https://dailyhodl.com/2021/05/05/heres-how-high-cardano-and-ethereum-could-soar-according-to-coin-bureau/
157,Stock Guru Jim Cramer Dumps Half of His Ethereum Stash After Record Highs,U.Today,5-05-2021,https://u.today/stock-guru-jim-cramer-dumps-half-of-his-ethereum-stash-after-record-highs
158,Decentralized exchange protocol Uniswap v3 goes live on Ethereum,The Block,5-05-2021,https://coinmarketcap.com/headlines/news/decentralized-exchange-protocol-uniswap-v3-goes-live-on-ethereum/
159,How Bitcoin And Ethereum Have Crossed The Rubicon Of Legitimazation,Bitcoinist.com,5-05-2021,https://coinmarketcap.com/headlines/news/how-bitcoin-and-ethereum-have-crossed-the-rubicon-of-legitimazation/
160,Move Over Bitcoin: OKEx Insights Report Reveals Institutions Are Accumulating Ethereum,Bitcoinist.com,5-05-2021,https://coinmarketcap.com/headlines/news/move-over-bitcoin-okex-insights-report-reveals-institutions-are-accumulating-ethereum/
161,Three reasons why the ‘other Ethereum’ has pumped 130% in the last week,Cointelegraph.com News,5-05-2021,https://cointelegraph.com/news/three-reasons-why-the-other-ethereum-has-pumped-130-in-the-last-week
162,Crypto Analyst Explains Why Ethereum ($ETH) Is ‘Still Hugely Undervalued’,CryptoGlobe,5-05-2021,https://www.cryptoglobe.com/latest/2021/05/crypto-analyst-explains-why-ethereum-eth-is-still-hugely-undervalued/
163,"TA: Ethereum Corrects Gains, Here’s What Could Trigger Fresh Rally",NewsBTC,5-05-2021,https://coinmarketcap.com/headlines/news/ethereum-corrects-gains-3200/
164,"Bitcoin, Ethereum, and Cryptocurrency MegaCap Indices Debut on S & P",Blockchain News,5-04-2021,https://blockchain.news/news/bitcoin-ethereum-cryptocurrency-megacap-indices-debut-sp
165,"Fund manager says these 10 metrics show Ethereum (ETH) can reach $10,000",CryptoSlate,5-04-2021,https://coinmarketcap.com/headlines/news/fund-manager-says-these-10-metrics-show-ethereum-eth-can-reach-10000/
166,You Can Buy a Banksy With Bitcoin or Ethereum From Sotheby’s,Decrypt,5-04-2021,https://decrypt.co/69904/banksy-art-bitcoin-ethereum-sothebys?&utm_medium=referral&utm_campaign=feed&utm_source=coinmarketcap
167,Institutional managers hold a record $13.9B worth of Ethereum,Cointelegraph.com News,5-04-2021,https://cointelegraph.com/news/institutional-managers-hold-a-record-13-9b-worth-of-ethereum
168,"S&P Launches Digital Market Indices Based on Bitcoin, Ethereum",BeInCrypto,5-04-2021,https://beincrypto.com/sp-launches-digital-market-indices-based-on-btc-eth/
169,S&P Dow Jones Launches Bitcoin and Ethereum Indices,Decrypt,5-04-2021,https://decrypt.co/69854/sp-dow-jones-launches-bitcoin-and-ethereum-indices?&utm_medium=referral&utm_campaign=feed&utm_source=coinmarketcap
170,Bitcoin and Ethereum Indices Debut on S&P Dow Jones,Crypto Briefing,5-04-2021,https://cryptobriefing.com/bitcoin-ethereum-indices-debut-sp-dow-jones/
171,"This Is How Many Records Ethereum Broke When It Reached $3,000",Bitcoinist.com,5-04-2021,https://coinmarketcap.com/headlines/news/this-is-how-many-records-ethereum-broke-when-it-reached-3000/
172,S&P Dow Jones Launches Bitcoin And Ethereum Indexes,Bitcoinist.com,5-04-2021,https://coinmarketcap.com/headlines/news/sp-dow-jones-launches-bitcoin-and-ethereum-indexes/
173,Robinhood crypto trading falters as ethereum and dogecoin jump,Seeking Alpha,5-04-2021,https://seekingalpha.com/news/3690200-robinhood-crypto-trading-falters-as-ethereum-and-dogeooin-jump?utm_source=coinmarketcap.com&utm_medium=referral
174,Crypto Exchange OKEx to Integrate Ethereum Layer-2 Scaling Solution Arbitrum,BTCMANAGER,5-04-2021,https://coinmarketcap.com/headlines/news/crypto-exchange-okex-ethereum-layer-2-scaling-solution-arbitrum/
175,BREAKING: Sotheby's to Accept Bitcoin and Ethereum After Partnering with Coinbase,U.Today,5-04-2021,https://u.today/breaking-sothebys-to-accept-bitcoin-and-ethereum-after-partnering-with-coinbase
176,Epic Ethereum Short Squeeze Pushes Rally To New ATH,NewsBTC,5-04-2021,https://www.newsbtc.com/news/ethereum/epic-ethereum-short-squeeze-pushes-rally-to-new-ath/
177,"Over $375 Million ETH Shorts Liquidated in a Day as Ethereum Tapped $3,450",Feed - Cryptopotato.Com,5-04-2021,https://cryptopotato.com/over-375-million-shorts-liquidated-in-a-day-as-eth-price-tapped-3450/
178,"‘Dogecoin Looks Ready To Make Another Leg Up… vs. Ethereum’, Says Crypto Analyst",CryptoGlobe,5-04-2021,https://www.cryptoglobe.com/latest/2021/05/dogecoin-looks-ready-to-make-another-leg-up-vs-ethereum-says-crypto-analyst/
179,$540 million worth of Ethereum (ETH) liquidated as ‘shorts’ punished,CryptoSlate,5-04-2021,https://coinmarketcap.com/headlines/news/540-million-worth-of-ethereum-eth-liquidated-as-shorts-punished/
180,"TA: Ethereum Rally Extends Above $3,400, Why Dips Remain Attractive",NewsBTC,5-04-2021,https://coinmarketcap.com/headlines/news/ethereum-rally-extends-above-3400/
181,High Transaction Volumes are Boosting Ethereum’s Price Rally,Blockchain News,5-04-2021,https://blockchain.news/news/high-transaction-volumes-are-boosting-ethereum-price-rally
182,Not Just Bitcoin - Ethereum and Altcoins Gain Bullish Momentum,Blockchain News,5-04-2021,https://blockchain.news/news/not-just-bitcoin-ethereum-altcoins-gain-bullish-momentum
183,"Mogo buys ethereum, boosting its investment in blockchain and cryptocurrency",Seeking Alpha,5-03-2021,https://seekingalpha.com/news/3689383-mogo-buys-ethereum-boosting-its-investment-in-blockchain-and-cryptocurrency?utm_source=coinmarketcap.com&utm_medium=referral
184,"Cardano and Ethereum on Track To Print Giant 3x Gains, Says Crypto Trader Lark Davis",The Daily Hodl,5-03-2021,https://dailyhodl.com/2021/05/03/cardano-and-ethereum-on-track-to-print-giant-3x-gains-says-crypto-trader-lark-davis/
185,"Lucky Number 7: Bitcoin, Ethereum Break Total Crypto Monthly Record",NewsBTC,5-03-2021,https://coinmarketcap.com/headlines/news/lucky-number-7-bitcoin-ethereum-break-total-crypto-monthly-record/
186,By The Numbers: This Is How Much Buterin’s Wealth Has Risen With Ethereum,Bitcoinist.com,5-03-2021,https://coinmarketcap.com/headlines/news/by-the-numbers-this-is-how-much-buterins-wealth-has-risen-with-ethereum/
187,"Nasdaq-Traded Mogo Acquires Ethereum, Plans to Allocate 5% of Its Cash in Crypto",U.Today,5-03-2021,https://u.today/nasdaq-traded-mogo-acquires-ethereum-plans-to-allocate-5-of-its-cash-in-crypto
188,Vitalik Buterin Now Owns More Than $1 Billion in Ethereum,Decrypt,5-03-2021,https://decrypt.co/69745/vitalik-buterin-now-owns-more-than-1-billion-in-ethereum?&utm_medium=referral&utm_campaign=feed&utm_source=coinmarketcap
189,"Here’s How Bitcoin and Ethereum Will Perform for the Rest of the Year, According to Macro Guru Raoul Pal",The Daily Hodl,5-02-2021,https://dailyhodl.com/2021/05/02/heres-how-bitcoin-and-ethereum-will-perform-for-the-rest-of-the-year-according-to-macro-guru-raoul-pal/
190,"The Bear Case for Bitcoin Is Ethereum, Says CryptoCobain",The Daily Hodl,5-01-2021,https://dailyhodl.com/2021/05/01/the-bear-case-for-bitcoin-is-ethereum-says-cryptocobain/
191,Five Reasons Behind Ethereum's Rally to Top $3000,Blockchain News,5-03-2021,https://blockchain.news/analysis/five-reasons-behind-ethereums-rally-top-3000
192,"Grayscale Ethereum Trust Holding Nears $10 B, as Ether Inches Away From $3,000",Coingape,5-02-2021,https://coinmarketcap.com/headlines/news/grayscale-ethereum-trust-holding-nears-10-b-ether-inches-away-3000/
193,"TA: Ethereum Surges Above $3K, Here’s Why Rally Isn’t Over Yet",NewsBTC,5-03-2021,https://coinmarketcap.com/headlines/news/ethereum-surges-above-3k/
194,Why Ethereum’s Unstoppable Rally Could Cool Off at $3K,NewsBTC,5-02-2021,https://coinmarketcap.com/headlines/news/why-ethereums-unstoppable-rally-could-cool-off-at-3k/
195,WisdomTree Launches a Physically-Backed Ethereum ETP in Europe,Feed - Cryptopotato.Com,5-02-2021,https://cryptopotato.com/wisdomtree-launches-a-physically-backed-ethereum-etp-in-europe/
196,"New Month, New ATH: Why Ethereum May Hit $10k This Year",NewsBTC,5-01-2021,https://coinmarketcap.com/headlines/news/new-month-new-ath-why-ethereum-may-hit-10k-this-year/
197,"Fundstrat Is ‘Remaining Overweight Ethereum’, Has $10.5K Price Target for $ETH",CryptoGlobe,5-01-2021,https://www.cryptoglobe.com/latest/2021/05/fundstrat-is-remaining-overweight-ethereum-has-10-5k-price-target-for-eth/
198,2 key Ethereum price metrics prove pro traders are behind ETH’s new highs,Cointelegraph.com News,5-01-2021,https://cointelegraph.com/news/2-key-ethereum-price-metrics-prove-pro-traders-are-behind-eth-s-new-highs
199,Stablecoins on Ethereum Doubled in Q1 Thanks to DeFi,Decrypt,4-30-2021,https://decrypt.co/69623/stablecoins-ethereum-continue-explode-because-defi?&utm_medium=referral&utm_campaign=feed&utm_source=coinmarketcap
200,"Virunga National Park Now Accepts Bitcoin, Ethereum, Litecoin, Chainlink, and Other Coins as Donations",U.Today,4-30-2021,https://u.today/virunga-national-park-now-accepts-bitcoin-ethereum-litecoin-chainlink-and-other-coins-as-donations
201,Bitcoin reclaims some lost ground versus Ethereum,Seeking Alpha,4-30-2021,https://seekingalpha.com/news/3688729-bitcoin-reclaims-some-lost-ground-versus-ethereum?utm_source=coinmarketcap.com&utm_medium=referral
202,Popular ‘90s snack Dunkaroos are back…as Ethereum NFTs,CryptoSlate,4-30-2021,https://coinmarketcap.com/headlines/news/popular-90s-snack-dunkaroos-are-back-as-ethereum-nfts/
203,"TA: Ethereum Consolidates Above $2,700, Here Are Chances of Downward Move",NewsBTC,4-30-2021,https://coinmarketcap.com/headlines/news/ethereum-consolidates-above-2700/
204,"As Bitcoin Continues To Slump, Ethereum Seems Unstoppable",NewsBTC,4-29-2021,https://coinmarketcap.com/headlines/news/as-bitcoin-continues-to-slump-ethereum-seems-unstoppable/
205,Bullish ETH/BTC pair revives the Ethereum 'flippening’ discussion,Cointelegraph.com News,4-29-2021,https://cointelegraph.com/news/bullish-eth-btc-pair-revives-the-ethereum-flippening-discussion
206,NVIDIA reinstates its RTX 3060 GPU’s Ethereum mining hash limiter,Finbold,4-29-2021,https://finbold.com/nvidia-reinstates-its-rtx-3060-gpus-ethereum-mining-hash-limiter/
207,How important is 30th April for Bitcoin and Ethereum?,AMBCrypto,4-29-2021,https://ambcrypto.com/how-important-is-30-april-for-bitcoin-and-ethereum/
208,Gann Price-Time Analysis Points To Massive Ethereum Leg Higher,Bitcoinist.com,4-30-2021,https://coinmarketcap.com/headlines/news/gann-price-time-analysis-points-to-massive-ethereum-leg-higher/
209,Macro Guru Raoul Pal Pinpoints Ethereum’s Potential To Become Massively Dominant,The Daily Hodl,4-29-2021,https://dailyhodl.com/2021/04/29/macro-guru-raoul-pal-pinpoints-ethereums-potential-to-become-massively-dominant/
210,"Whales On a Buying Spree: Large Bitcoin, Ethereum, Ripple Addresses Keep Accumulating in April",Feed - Cryptopotato.Com,4-29-2021,https://cryptopotato.com/whales-on-a-buying-spree-large-bitcoin-ethereum-ripple-addresses-keep-accumulating-in-april/
211,ETH Price Aims for $2800 After Asset Manager WisdomTree Lists Ethereum ETP,Coingape,4-29-2021,https://coinmarketcap.com/headlines/news/eth-price-aims-2800-asset-manager-wisdomtree-lists-ethereum-etp/
212,There is Now Over 4 Million ETH Locked in Ethereum 2.0,Decrypt,4-29-2021,https://decrypt.co/69432/there-is-now-over-4-million-eth-locked-in-ethereum-2-0?&utm_medium=referral&utm_campaign=feed&utm_source=coinmarketcap
213,"After Bitcoin, Institutions Finally Turning to Ethereum",CryptoBriefing,4-29-2021,https://cryptobriefing.com/after-bitcoin-institutions-finally-turning-ethereum/
214,"10,000 UK Taxis to Take Crypto Payments on Ethereum",Decrypt,4-29-2021,https://decrypt.co/69417/10000-uk-taxis-to-take-crypto-payments-on-ethereum?&utm_medium=referral&utm_campaign=feed&utm_source=coinmarketcap
215,Bitcoin set to close first ‘red’ April in 6 years as Ethereum keeps hitting all-time highs,Cointelegraph.com News,4-29-2021,https://cointelegraph.com/news/bitcoin-set-to-close-first-red-april-in-6-years-as-ethereum-keeps-hitting-all-time-highs
216,Frontier Announces Strategic Partnership With Ethereum Push Notification Services,Crypto Daily™,4-29-2021,https://coinmarketcap.com/headlines/news/frontier-and-epns-partnership/
217,JPMorgan Gives 3 Reasons Why Ethereum is Outperforming Bitcoin,Feed - Cryptopotato.Com,4-29-2021,https://cryptopotato.com/jpmorgan-gives-3-reasons-why-ethereum-is-outperforming-bitcoin/
218,‘The Dogefather’ Elon Musk And Billionaire Investor Mark Cuban Help Dogecoin Leave Bitcoin And Ethereum In The Dust With 20% Price Rally,Forbes,4-28-2021,https://www.forbes.com/sites/billybambrough/2021/04/28/the-dogefather-elon-musk-and-billionaire-investor-mark-cuban-help-dogecoin-leave-bitcoin-and-ethereum-in-the-dust-with-20-price-rally/
219,"TA: Ethereum Seems Unstoppable, Here’s How ETH Could Extend Rally",NewsBTC,4-29-2021,https://www.newsbtc.com/analysis/eth/ethereum-seems-unstoppable-2750/
220,MetaMask Ethereum Wallet Hits 5 Million Monthly Users,Crypto Briefing,4-28-2021,https://cryptobriefing.com/metamask-ethereum-wallet-hits-5-million-monthly-users/
221,EIB issues CBDC-denominated digital bond on Ethereum blockchain,The Block,4-28-2021,https://coinmarketcap.com/headlines/news/european-investment-bank-bond-public-blockchain/
222,European Investment Bank Sold $121 Million in Two-Year Notes on Ethereum,Decrypt,4-28-2021,https://decrypt.co/69380/european-investment-bank-sold-121-million-in-two-year-notes-on-ethereum?&utm_medium=referral&utm_campaign=feed&utm_source=coinmarketcap
223,How Balancer And Gnosis Will Make Ethereum Trades More Cost Efficient,NewsBTC,4-28-2021,https://coinmarketcap.com/headlines/news/how-balancer-and-gnosis-will-make-ethereum-trades-more-cost-efficient/
224,"Talking Bitcoin, ICOs, and Ethereum DeFi with ‘The Defiant’ founder Camilla Russo",CryptoSlate,4-28-2021,https://coinmarketcap.com/headlines/news/talking-bitcoin-icos-and-ethereum-defi-with-the-defiant-founder-camilla-russo/
225,Balancer teams up with Gnosis to develop a ‘gasless’ Ethereum DEX,CryptoSlate,4-28-2021,https://coinmarketcap.com/headlines/news/balancer-teams-up-with-gnosis-to-develop-a-gasless-ethereum-dex/
226,JPMorgan Claims Ethereum Should Outperform Bitcoin,U.Today,4-28-2021,https://u.today/jpmorgan-claims-ethereum-should-outperform-bitcoin
227,Aavegotchi Aims to Bring its NFTs to Ethereum By July,Decrypt,4-28-2021,https://decrypt.co/69330/aavegotchi-aims-to-bring-its-nfts-to-ethereum-by-july?&utm_medium=referral&utm_campaign=feed&utm_source=coinmarketcap
228,Balancer and Gnosis Are Launching a New Ethereum Exchange,Crypto Briefing,4-28-2021,https://cryptobriefing.com/balancer-gnosis-are-launching-new-ethereum-exchange/
229,"Ethereum Achieves Record-High of $2,700 as EIB Announces Sale of Digital Bond on Ethereum Blockchain",Blockchain News,4-28-2021,https://blockchain.news/analysis/ethereum-achieves-record-high-2-700-eib-announces-sale-digital-bond-ethereum-blockchain
230,"TA: Ethereum Rallies above $2,700, Here’s Why ETH Could Extend Gains",NewsBTC,4-27-2021,https://www.newsbtc.com/analysis/eth/ta-ethereum-rallies-above-2700-heres-why-eth-could-extend-gains/
231,Bulls push Ethereum price higher ahead of Friday’s $930M options expiry,Cointelegraph.com News,4-28-2021,https://cointelegraph.com/news/bulls-push-ethereum-price-higher-ahead-of-friday-s-930m-options-expiry
232,Why There Is Now More Tether on Tron Than Ethereum,Decrypt,4-27-2021,https://decrypt.co/69265/tether-transactions-tron-ethereum-why?&utm_medium=referral&utm_campaign=feed&utm_source=coinmarketcap
233,European Investment Bank to Issue Digital Bonds on Ethereum: Report,Crypto Briefing,4-27-2021,https://cryptobriefing.com/european-investment-bank-issue-digital-bonds-ethereum-report/
234,European Investment Bank to price €100 million in bonds on Ethereum: report,The Block,4-27-2021,https://coinmarketcap.com/headlines/news/european-investment-bank-digital-bonds-ethereum-pricing/
235,Ether Hits New All-Time High as European Union's Bank Chooses Ethereum to Issue 2-Year Bonds,U.Today,4-27-2021,https://u.today/ether-his-new-all-time-high-as-european-unions-bank-chooses-ethereum-to-issue-2-year-bonds
236,"Binance Set to Launch BSC, Ethereum Compatible NFT Marketplace in June",BTCMANAGER,4-27-2021,https://coinmarketcap.com/headlines/news/binance-bsc-ethereum-nft-marketplace-june/
237,"TA: Ethereum Gains Momentum, Here’s Here Chances of a Run To $3K",NewsBTC,4-27-2021,https://coinmarketcap.com/headlines/news/ta-ethereum-gains-momentum-heres-here-chances-of-a-run-to-3k/
238,"mStable launches on Polygon, hopes to attract DeFi users 'priced out' of Ethereum",Cointelegraph.com News,4-27-2021,https://cointelegraph.com/news/mstable-launches-on-polygon-hopes-to-attract-defi-users-priced-out-of-eth
239,Whales Buy Ethereum After Other Investors Panic Sell,CryptoBriefing,4-26-2021,https://cryptobriefing.com/whales-buy-ethereum-after-other-investors-panic-sell/
240,NFL’s ‘No.1’ draft pick Trevor Lawrence joins Blockfolio and receives bonus paid out in Ethereum and Solana,CryptoSlate,4-26-2021,https://coinmarketcap.com/headlines/news/nfls-no-1-draft-pick-trevor-lawrence-to-receive-an-ethereum-and-solana-bonus/
241,Cardano And Ethereum Founder Analyzes The Newest Evolutions In Crypto And Blockchain Technology,Forbes,4-26-2021,https://www.forbes.com/sites/stevenehrlich/2021/04/26/cardano-and-ethereum-founder-analyzes-the-newest-evolutions-in-crypto-and--blockchain-technology/
242,CI Global Asset Management Launches World’s First Ethereum-Based Mutual Fund,Coingape,4-26-2021,https://coinmarketcap.com/headlines/news/ci-global-asset-management-launches-worlds-first-ethereum-based-mutual-fund/
243,Bender Labs Launches WRAP Protocol to bring Ethereum Tokens to Tezos,Crypto Daily™,4-26-2021,https://coinmarketcap.com/headlines/news/Bender-Labs-Launches-WRAP-Protocol-to-bring-Ethereum-Tokens-to-Tezos/
244,America's Largest RV Dealer Starts Accepting Bitcoin and Ethereum,U.Today,4-26-2021,https://u.today/americas-largest-rv-dealer-starts-accepting-bitcoin-and-ethereum
245,New Token Launch Hopes to Bridge Ethereum and Tezos,Crypto Briefing,4-26-2021,https://cryptobriefing.com/new-token-launch-hopes-bridge-ethereum-tezos/
246,Wrap Protocol Brings Ethereum Tokens and NFTs to Tezos,Decrypt,4-26-2021,https://decrypt.co/69088/wrap-protocol-brings-ethereum-tokens-and-nfts-to-tezos?&utm_medium=referral&utm_campaign=feed&utm_source=coinmarketcap
247,Bitcoin bounces higher as JPMorgan warms; Ethereum eyes new record,Seeking Alpha,4-26-2021,https://seekingalpha.com/news/3685383-bitcoin-bounces-higher-as-jpmorgan-warms-ethereum-eyes-new-record?utm_source=coinmarketcap.com&utm_medium=referral
248,Amnesia Ibiza to Open Nightclub in Ethereum Metaverse,Crypto Briefing,4-26-2021,https://cryptobriefing.com/amnesia-ibiza-open-nightclub-ethereum-metaverse/
249,"Giant American Wine Seller Now Accepts Bitcoin, Dogecoin, and Ethereum",Feed - Cryptopotato.Com,4-26-2021,https://cryptopotato.com/giant-american-wine-seller-now-accepts-bitcoin-dogecoin-and-ethereum/
250,"Tether’s market cap tops $50 billion, supply on Tron surpasses Ethereum",The Block,4-26-2021,https://coinmarketcap.com/headlines/news/tethers-market-cap-crosses-50-billion-its-issuance-on-tron-flips-ethereum/
251,Crypto community donates over $1.7 million in Ethereum and ERC20 tokens towards India’s coronavirus fight,CryptoSlate,4-26-2021,https://coinmarketcap.com/headlines/news/ethereum-creator-vitalik-buterin-donates-640000-towards-indias-coronavirus-fight/
252,ETH Price Sees Revival as Ethereum 2.0 Deposits Surpass $9 Billion,Blockchain News,4-26-2021,https://blockchain.news/news/eth-price-sees-revival-ethereum-2.0-deposits-surpass-9-billion
253,"TA: Ethereum Starts Fresh Surge, Here’s How ETH Could Rally to New ATH",NewsBTC,4-22-2021,https://www.newsbtc.com/analysis/eth/ta-ethereum-starts-fresh-surge-heres-how-eth-could-rally-to-new-ath/
254,4 Key Factors Why Ethereum Gas Fees Could Get Cheaper,NewsBTC,4-25-2021,https://www.newsbtc.com/news/ethereum/4-key-factors-why-ethereum-gas-fees-could-get-cheaper/
255,"DeFi Deep Dive — Uniswap, King Of the Ethereum Ecosystem",BeInCrypto,4-25-2021,https://beincrypto.com/defi-deep-dive-uniswap-king-of-the-ethereum-ecosystem/
256,CME Ethereum Futures Volume and Open Interest hit All-time Highs,Ethereum World News,4-25-2021,https://en.ethereumworldnews.com/cme-ethereum-futures-volume-and-open-interest-hit-all-time-highs/
257,What you need to know about Ethereum’s chances of hitting $2600 again,AMBCrypto,4-24-2021,https://ambcrypto.com/what-you-need-to-know-about-ethereums-chances-of-hitting-2600-again/
258,Top Three DeFi Lenders on Ethereum Hold Record $25 Billion in Deposits,Decrypt,4-23-2021,https://decrypt.co/68958/top-three-defi-lenders-ethereum-hold-record-25-billion-deposits?&utm_medium=referral&utm_campaign=feed&utm_source=coinmarketcap
259,Macro Guru Raoul Pal Fighting Urge To Sell All Bitcoin for Ethereum – Here’s Why,The Daily Hodl,4-23-2021,https://dailyhodl.com/2021/04/23/macro-guru-raoul-pal-fighting-urge-to-sell-all-bitcoin-for-ethereum-heres-why/
260,Veteran Crypto Investor Explains Why He Is So Bullish on Solana (and Ethereum),CryptoGlobe,4-23-2021,https://www.cryptoglobe.com/latest/2021/04/veteran-crypto-investor-explains-why-he-is-so-bullish-on-solana-and-ethereum/
261,A Fourth Ethereum ETF Hits Canada—Eighth Crypto ETF in North America,Decrypt,4-23-2021,https://decrypt.co/68952/fourth-ethereum-etf-canada-crypto-north-america?&utm_medium=referral&utm_campaign=feed&utm_source=coinmarketcap
262,You can now trade FAANG stocks on Ethereum DeFi app Synthetix,CryptoSlate,4-23-2021,https://coinmarketcap.com/headlines/news/you-can-now-trade-faang-stocks-on-ethereum-defi-app-synthetix/
263,"Bitcoin, Ethereum, and XRP Enter Downtrend With Few Signs of Slowing",Crypto Briefing,4-23-2021,https://cryptobriefing.com/bitcoin-ethereum-xrp-enter-downtrend-with-few-signs-slowing/
264,5 reasons Bitcoin and Ethereum plummeted 15% in a single day,Cointelegraph.com News,4-23-2021,https://cointelegraph.com/news/5-reasons-bitcoin-and-ethereum-plummeted-15-in-a-single-day
265,"President Biden’s Tax Plans Spark Fear, Triggering a Bitcoin and Ethereum Price Drop",Blockchain News,4-23-2021,https://blockchain.news/news/president-biden-tax-plans-spark-fear-triggering-bitcoin-ethereum-price-drop
266,"Analyst Says Massive Altsummer Coming, Names Top Three Coins To Watch, Updates Bitcoin and Ethereum Predictions",The Daily Hodl,4-23-2021,https://dailyhodl.com/2021/04/23/analyst-says-massive-altsummer-coming-names-top-three-coins-to-watch-updates-bitcoin-and-ethereum-predictions/
267,"Fears Of A ‘Major’ 50% Correction Send Bitcoin Crashing Under $50,000 As Ethereum, Ripple’s XRP And Cardano Lead $200 Billion Crypto Price P...",Forbes,4-23-2021,https://www.forbes.com/sites/billybambrough/2021/04/23/bitcoin-crashes-under-50000-as-ethereum-ripples-xrp-and-cardano-plunge-200-billion-amid-major-correction-price-warning/
268,"TA: Ethereum Trims Gains, Here’s What Could Trigger A Fresh Rally",NewsBTC,4-23-2021,https://coinmarketcap.com/headlines/news/ethereum-trims-gains-2350/
269,Crypto artists are now using Ethereum NFTs to fight climate change,CryptoSlate,4-23-2021,https://coinmarketcap.com/headlines/news/crypto-artists-ethereum-nfts-climate/
270,Coinbase Pro announces support for Tether’s Ethereum-based USDT stablecoin,The Block,4-22-2021,https://coinmarketcap.com/headlines/news/coinbase-pro-announces-support-for-tethers-ethereum-based-usdt-stablecoin/
271,Avalanche VS Ethereum VS Cardano VS Polkadot,Avalanche Reddit,4-22-2021,https://www.reddit.com/r/Avax/comments/mw08l5/avalanche_vs_ethereum_vs_cardano_vs_polkadot/
272,Is This The Perfect Moment To Buy Ethereum? Top Analyst Weighs in,NewsBTC,4-22-2021,https://coinmarketcap.com/headlines/news/is-this-the-perfect-moment-to-buy-ethereum-top-analyst-weighs-in/
273,Weezer Is Doing ‘OK Crypto’ NFTs—But Not on Ethereum,Decrypt,4-22-2021,https://decrypt.co/68812/weezer-is-doing-ok-crypto-nfts-but-not-on-ethereum?&utm_medium=referral&utm_campaign=feed&utm_source=coinmarketcap
274,Capacity Increase Propels Ethereum to All Time High,Trustnodes,4-22-2021,https://www.trustnodes.com/2021/04/22/capacity-increase-propels-ethereum-to-all-time-high
275,First Ethereum ETFs in North America Have Officially Launched,The Daily Hodl,4-22-2021,https://dailyhodl.com/2021/04/22/first-ethereum-etfs-in-north-america-have-officially-launched/
276,Fmr Goldman Sachs Exec “Struggles” Not to Sell His Bitcoin For Ethereum,Bitcoinist,4-22-2021,https://bitcoinist.com/fmr-goldman-sachs-exec-struggles-not-to-sell-his-bitcoin-for-ethereum/?utm_source=rss&utm_medium=rss&utm_campaign=fmr-goldman-sachs-exec-struggles-not-to-sell-his-bitcoin-for-ethereum
277,Binance Smart Chain Surpasses Ethereum’s Daily Transaction By 600%,ZyCrypto,4-22-2021,https://zycrypto.com/binance-smart-chain-surpasses-ethereums-daily-transaction-by-600/
278,"Bessemer Trust: Bitcoin ‘Remains Highly Energy-Inefficient, Ethereum More Efficient’",Decrypt,4-22-2021,https://decrypt.co/68749/bessemer-trust-bitcoin-remains-highly-energy-inefficient-ethereum-more-efficient?&utm_medium=referral&utm_campaign=feed&utm_source=coinmarketcap
279,"Whales Buy the Dip, Pushing Ethereum to New All-Time Highs",Crypto Briefing,4-22-2021,https://cryptobriefing.com/whales-buy-dip-pushing-ethereum-new-all-time-highs/
280,Value of staked ethereum reaches $10 billion milestone as ETH hits new ATH,Finbold,4-22-2021,https://finbold.com/value-of-staked-ethereum-reaches-10-billion-milestone-as-eth-hits-new-ath/
281,Regulated Bitcoin and Ethereum funds have launched in Hong Kong,CryptoSlate,4-22-2021,https://cryptoslate.com/regulated-bitcoin-and-ethereum-funds-have-launched-in-hong-kong/
282,"Key Reasons Why Ethereum Just Hit Fresh Record High Within an Inch of $2,600",U.Today,4-22-2021,https://u.today/key-reasons-why-ethereum-just-hit-fresh-record-high-within-an-inch-of-2600
283,JP Morgan is Now Hiring Ethereum and Blockchain Developers,Feed - Cryptopotato.Com,4-22-2021,https://cryptopotato.com/jp-morgan-is-now-hiring-ethereum-and-blockchain-developers/
284,Charles Hoskinson hits back after Ethereum influencer calls Cardano a “scam”,CryptoSlate,4-22-2021,https://cryptoslate.com/charles-hoskinson-hits-back-after-ethereum-influencer-calls-cardano-a-scam/
